{"0.001": {"1": 0.8051470588235294, "2": 0.8088235294117647, "3": 0.8235294117647058, "5": 0.8338235294117647, "8": 0.8433823529411765, "10": 0.8448529411764706}, "0.01": {"1": 0.7933823529411764, "2": 0.8183823529411764, "3": 0.8191176470588235, "5": 0.8198529411764706, "8": 0.8205882352941176, "10": 0.8235294117647058}, "0.05": {"1": 0.7683823529411765, "2": 0.8073529411764706, "3": 0.8080882352941177, "5": 0.8147058823529412, "8": 0.8147058823529412, "10": 0.8147058823529412}, "0.1": {"1": 0.7823529411764706, "2": 0.7985294117647058, "3": 0.8036764705882353, "5": 0.8036764705882353, "8": 0.8088235294117647, "10": 0.8088235294117647}}