{"0.001": {"1": {"0.01": 0.6110294117647059, "0.5": 0.5977941176470588, "1": 0.6, "5": 0.5801470588235295, "10": 0.5647058823529412}, "2": {"0.01": 0.6397058823529412, "0.5": 0.6088235294117648, "1": 0.5882352941176471, "5": 0.5566176470588236, "10": 0.5470588235294117}, "3": {"0.01": 0.6198529411764706, "0.5": 0.6036764705882353, "1": 0.5919117647058824, "5": 0.5573529411764706, "10": 0.5632352941176471}, "5": {"0.01": 0.6191176470588236, "0.5": 0.6205882352941177, "1": 0.5977941176470588, "5": 0.5705882352941176, "10": 0.5632352941176471}, "8": {"0.01": 0.6147058823529412, "0.5": 0.6088235294117647, "1": 0.5985294117647059, "5": 0.5698529411764706, "10": 0.5558823529411765}, "10": {"0.01": 0.6095588235294117, "0.5": 0.6022058823529411, "1": 0.5933823529411765, "5": 0.5676470588235294, "10": 0.5602941176470588}}, "0.01": {"1": {"0.01": 0.600735294117647, "0.5": 0.5801470588235295, "1": 0.5647058823529412, "5": 0.5205882352941176, "10": 0.5095588235294117}, "2": {"0.01": 0.638235294117647, "0.5": 0.5566176470588236, "1": 0.5470588235294117, "5": 0.5205882352941176, "10": 0.5095588235294117}, "3": {"0.01": 0.6360294117647058, "0.5": 0.5573529411764706, "1": 0.5632352941176471, "5": 0.5205882352941176, "10": 0.5095588235294117}, "5": {"0.01": 0.6169117647058824, "0.5": 0.5705882352941176, "1": 0.5632352941176471, "5": 0.5205882352941176, "10": 0.5095588235294117}, "8": {"0.01": 0.6080882352941176, "0.5": 0.5698529411764706, "1": 0.5558823529411765, "5": 0.5205882352941176, "10": 0.5095588235294117}, "10": {"0.01": 0.6036764705882353, "0.5": 0.5676470588235294, "1": 0.5602941176470588, "5": 0.5205882352941176, "10": 0.5095588235294117}}, "0.05": {"1": {"0.01": 0.5977941176470588, "0.5": 0.5463235294117647, "1": 0.5205882352941176, "5": 0.5183823529411765, "10": 0.48455882352941176}, "2": {"0.01": 0.6088235294117648, "0.5": 0.5360294117647059, "1": 0.5205882352941176, "5": 0.5183823529411765, "10": 0.48455882352941176}, "3": {"0.01": 0.6036764705882353, "0.5": 0.5389705882352941, "1": 0.5205882352941176, "5": 0.5183823529411765, "10": 0.48455882352941176}, "5": {"0.01": 0.6205882352941177, "0.5": 0.5389705882352941, "1": 0.5205882352941176, "5": 0.5183823529411765, "10": 0.48455882352941176}, "8": {"0.01": 0.6088235294117647, "0.5": 0.5389705882352941, "1": 0.5205882352941176, "5": 0.5183823529411765, "10": 0.48455882352941176}, "10": {"0.01": 0.6022058823529411, "0.5": 0.5389705882352941, "1": 0.5205882352941176, "5": 0.5183823529411765, "10": 0.48455882352941176}}, "0.1": {"1": {"0.01": 0.6, "0.5": 0.5205882352941176, "1": 0.5095588235294117, "5": 0.48455882352941176, "10": 0.4919117647058824}, "2": {"0.01": 0.5882352941176471, "0.5": 0.5205882352941176, "1": 0.5095588235294117, "5": 0.48455882352941176, "10": 0.4919117647058824}, "3": {"0.01": 0.5919117647058824, "0.5": 0.5205882352941176, "1": 0.5095588235294117, "5": 0.48455882352941176, "10": 0.4919117647058824}, "5": {"0.01": 0.5977941176470588, "0.5": 0.5205882352941176, "1": 0.5095588235294117, "5": 0.48455882352941176, "10": 0.4919117647058824}, "8": {"0.01": 0.5985294117647059, "0.5": 0.5205882352941176, "1": 0.5095588235294117, "5": 0.48455882352941176, "10": 0.4919117647058824}, "10": {"0.01": 0.5933823529411765, "0.5": 0.5205882352941176, "1": 0.5095588235294117, "5": 0.48455882352941176, "10": 0.4919117647058824}}}