{"0.001": {"1": 0.788235294117647, "2": 0.8014705882352942, "3": 0.8198529411764706, "5": 0.8279411764705882, "8": 0.8294117647058824, "10": 0.8264705882352941}, "0.01": {"1": 0.788235294117647, "2": 0.8014705882352942, "3": 0.8198529411764706, "5": 0.8279411764705882, "8": 0.8294117647058824, "10": 0.8264705882352941}, "0.05": {"1": 0.788235294117647, "2": 0.8014705882352942, "3": 0.8198529411764706, "5": 0.8279411764705882, "8": 0.8294117647058824, "10": 0.8264705882352941}, "0.1": {"1": 0.788235294117647, "2": 0.8014705882352942, "3": 0.8198529411764706, "5": 0.8279411764705882, "8": 0.8294117647058824, "10": 0.8264705882352941}}